{
    "name": "root",
    "gauges": {
        "PlayerBehavior.Policy.Entropy.mean": {
            "value": 1.5948615074157715,
            "min": 1.5892332792282104,
            "max": 1.6078754663467407,
            "count": 10
        },
        "PlayerBehavior.Policy.Entropy.sum": {
            "value": 79717.5546875,
            "min": 79179.375,
            "max": 80831.1171875,
            "count": 10
        },
        "PlayerBehavior.Environment.EpisodeLength.mean": {
            "value": 2091.5714285714284,
            "min": 745.9545454545455,
            "max": 3625.0,
            "count": 10
        },
        "PlayerBehavior.Environment.EpisodeLength.sum": {
            "value": 14641.0,
            "min": 14641.0,
            "max": 47125.0,
            "count": 10
        },
        "PlayerBehavior.Step.mean": {
            "value": 499965.0,
            "min": 49954.0,
            "max": 499965.0,
            "count": 10
        },
        "PlayerBehavior.Step.sum": {
            "value": 499965.0,
            "min": 49954.0,
            "max": 499965.0,
            "count": 10
        },
        "PlayerBehavior.Policy.ExtrinsicValueEstimate.mean": {
            "value": 0.02947639487683773,
            "min": -0.015662701800465584,
            "max": 0.08130859583616257,
            "count": 10
        },
        "PlayerBehavior.Policy.ExtrinsicValueEstimate.sum": {
            "value": 23.13896942138672,
            "min": -12.37353515625,
            "max": 65.2094955444336,
            "count": 10
        },
        "PlayerBehavior.Environment.CumulativeReward.mean": {
            "value": 0.7142857142857143,
            "min": 0.7142857142857143,
            "max": 1.5714285714285714,
            "count": 10
        },
        "PlayerBehavior.Environment.CumulativeReward.sum": {
            "value": 5.0,
            "min": 5.0,
            "max": 32.0,
            "count": 10
        },
        "PlayerBehavior.Policy.ExtrinsicReward.mean": {
            "value": 0.7142857142857143,
            "min": 0.7142857142857143,
            "max": 1.5714285714285714,
            "count": 10
        },
        "PlayerBehavior.Policy.ExtrinsicReward.sum": {
            "value": 5.0,
            "min": 5.0,
            "max": 32.0,
            "count": 10
        },
        "PlayerBehavior.Losses.PolicyLoss.mean": {
            "value": 0.022726662255202736,
            "min": 0.021974651751418908,
            "max": 0.02816897488199175,
            "count": 10
        },
        "PlayerBehavior.Losses.PolicyLoss.sum": {
            "value": 0.11363331127601367,
            "min": 0.08917382288879405,
            "max": 0.14084487440995874,
            "count": 10
        },
        "PlayerBehavior.Losses.ValueLoss.mean": {
            "value": 0.0007049567114396874,
            "min": 0.0007049567114396874,
            "max": 0.005738736839217987,
            "count": 10
        },
        "PlayerBehavior.Losses.ValueLoss.sum": {
            "value": 0.003524783557198437,
            "min": 0.003524783557198437,
            "max": 0.02295494735687195,
            "count": 10
        },
        "PlayerBehavior.Policy.LearningRate.mean": {
            "value": 1.6363054545679994e-05,
            "min": 1.6363054545679994e-05,
            "max": 0.00028457400514199995,
            "count": 10
        },
        "PlayerBehavior.Policy.LearningRate.sum": {
            "value": 8.181527272839996e-05,
            "min": 8.181527272839996e-05,
            "max": 0.0012841932719356,
            "count": 10
        },
        "PlayerBehavior.Policy.Epsilon.mean": {
            "value": 0.10545432000000002,
            "min": 0.10545432000000002,
            "max": 0.194858,
            "count": 10
        },
        "PlayerBehavior.Policy.Epsilon.sum": {
            "value": 0.5272716000000001,
            "min": 0.4999526000000001,
            "max": 0.9280644,
            "count": 10
        },
        "PlayerBehavior.Policy.Beta.mean": {
            "value": 0.000282170568,
            "min": 0.000282170568,
            "max": 0.0047434142,
            "count": 10
        },
        "PlayerBehavior.Policy.Beta.sum": {
            "value": 0.0014108528399999999,
            "min": 0.0014108528399999999,
            "max": 0.02141041356,
            "count": 10
        },
        "PlayerBehavior.IsTraining.mean": {
            "value": 1.0,
            "min": 1.0,
            "max": 1.0,
            "count": 10
        },
        "PlayerBehavior.IsTraining.sum": {
            "value": 1.0,
            "min": 1.0,
            "max": 1.0,
            "count": 10
        }
    },
    "metadata": {
        "timer_format_version": "0.1.0",
        "start_time_seconds": "1697249961",
        "python_version": "3.8.0 (tags/v3.8.0:fa919fd, Oct 14 2019, 19:37:50) [MSC v.1916 64 bit (AMD64)]",
        "command_line_arguments": "C:\\Users\\PC Lemoosy\\AppData\\Local\\Programs\\Python\\Python38\\Scripts\\mlagents-learn",
        "mlagents_version": "0.29.0",
        "mlagents_envs_version": "0.29.0",
        "communication_protocol_version": "1.5.0",
        "pytorch_version": "2.1.0+cpu",
        "numpy_version": "1.21.2",
        "end_time_seconds": "1697250987"
    },
    "total": 1026.4114238999998,
    "count": 1,
    "self": 0.022569999999859647,
    "children": {
        "run_training.setup": {
            "total": 0.07842769999999977,
            "count": 1,
            "self": 0.07842769999999977
        },
        "TrainerController.start_learning": {
            "total": 1026.3104262,
            "count": 1,
            "self": 2.356663199988134,
            "children": {
                "TrainerController._reset_env": {
                    "total": 26.533731799999998,
                    "count": 1,
                    "self": 26.533731799999998
                },
                "TrainerController.advance": {
                    "total": 997.2965987000117,
                    "count": 62534,
                    "self": 2.1471817000114015,
                    "children": {
                        "env_step": {
                            "total": 579.1823822999984,
                            "count": 62534,
                            "self": 390.2230738999805,
                            "children": {
                                "SubprocessEnvManager._take_step": {
                                    "total": 187.58664300001038,
                                    "count": 62534,
                                    "self": 7.028189700010444,
                                    "children": {
                                        "TorchPolicy.evaluate": {
                                            "total": 180.55845329999994,
                                            "count": 62534,
                                            "self": 43.825035700008385,
                                            "children": {
                                                "TorchPolicy.sample_actions": {
                                                    "total": 136.73341759999155,
                                                    "count": 62534,
                                                    "self": 136.73341759999155
                                                }
                                            }
                                        }
                                    }
                                },
                                "workers": {
                                    "total": 1.3726654000075413,
                                    "count": 62534,
                                    "self": 0.0,
                                    "children": {
                                        "worker_root": {
                                            "total": 998.1211413999957,
                                            "count": 62534,
                                            "is_parallel": true,